Vacancy_name;Vacancy_url;Salary_min;Salary_max;Salary_cur;Employer_name;Employer_url;Employer_city
Junior Data Scientist (стажер);https://hh.ru/vacancy/83902101;от;50 000;₽;ООО А17;https://hh.ru/employer/4768936?hhtmFrom=vacancy;Москва
Junior Data Scientist (Стажер);https://hh.ru/vacancy/83678534;0;0;-;Центр финансовых технологий;https://hh.ru/employer/8550?hhtmFrom=vacancy;Санкт-Петербург
Программист Python/Data Scientist (junior / middle);https://hh.ru/vacancy/83676636;от;70 000;до;ООО Апэрбот;https://hh.ru/employer/4602050?hhtmFrom=vacancy;Новосибирск
Junior Data scientist (Аналитик);https://hh.ru/vacancy/81862798;от;60 000;₽;ООО Займиго МФК;https://hh.ru/employer/1457854?hhtmFrom=vacancy;-
Программист - Data Scientist;https://hh.ru/vacancy/83744616;от;70 000;до;ООО АКСАЛИТ Софт;https://hh.ru/employer/3211436?hhtmFrom=vacancy;-
Junior Data Scientist (Стажер);https://hh.ru/vacancy/83678529;0;0;-;Центр финансовых технологий;https://hh.ru/employer/8550?hhtmFrom=vacancy;Новосибирск
Аналитик данных / Data Scientist;https://hh.ru/vacancy/83353677;от;65 000;до;СПб ГКУ Центр Архивных Документов;https://hh.ru/employer/5179427?hhtmFrom=vacancy;-
Data Scientist;https://hh.ru/vacancy/83731556;0;0;-;Twinby;https://hh.ru/employer/5775055?hhtmFrom=vacancy;Москва
Инженер / Data Scientist;https://hh.ru/vacancy/83732684;0;0;-;ГБУЗ «Научно-практический клинический центр диагностики и телемедицинских технологий ДЗМ»;https://hh.ru/employer/2138525?hhtmFrom=vacancy;-
Data Scientist;https://hh.ru/vacancy/83525469;0;0;-;MPSTATS;https://hh.ru/employer/4759975?hhtmFrom=vacancy;-
Аналитик скоринга / Data Scientist;https://hh.ru/vacancy/83811538;0;0;-;МигКредит;https://hh.ru/employer/2146816?hhtmFrom=vacancy;-
Data Scientist;https://hh.ru/vacancy/83936864;0;0;-;red_mad_robot;https://hh.ru/employer/567799?hhtmFrom=vacancy;Москва
Junior Data Scientist (Стажер);https://hh.ru/vacancy/83678532;0;0;-;Центр финансовых технологий;https://hh.ru/employer/8550?hhtmFrom=vacancy;Кемерово
Data Scientist Junior/Junior computer vision engineer;https://hh.ru/vacancy/83041801;от;50 000;до;Comexp;https://hh.ru/employer/675403?hhtmFrom=vacancy;Нижний Новгород
Junior Data Scientist;https://hh.ru/vacancy/82174408;0;0;-;Сбер. Data Science;https://hh.ru/employer/3529?dpt=3529-3529-data&hhtmFrom=vacancy;Москва
Data scientist;https://hh.ru/vacancy/83601369;0;0;-;Сбер для экспертов;https://hh.ru/employer/3529?dpt=3529-3529-prof&hhtmFrom=vacancy;Нижний Новгород
Стажер Data Scientist (Центр моделирования интегрированного риск-менеджмента);https://hh.ru/vacancy/82934771;0;0;-;Сбер. Data Science;https://hh.ru/employer/3529?dpt=3529-3529-data&hhtmFrom=vacancy;-
Data Scientist;https://hh.ru/vacancy/83827239;от;150 000;до;ЦЕНТРОФИНАНС;https://hh.ru/employer/1103383?hhtmFrom=vacancy;Санкт-Петербург
Junior data scientist (Центр валидации моделей сервисных блоков и экосистемы);https://hh.ru/vacancy/83932788;0;0;-;Сбер. Data Science;https://hh.ru/employer/3529?dpt=3529-3529-data&hhtmFrom=vacancy;-
Data Scientist (Python);https://hh.ru/vacancy/82644423;0;0;-;ООО РДП.РУ;https://hh.ru/employer/1710349?hhtmFrom=vacancy;-
Стажер Data scientist;https://hh.ru/vacancy/82823298;0;0;-;Сбер. IT;https://hh.ru/employer/3529?dpt=3529-3529-it&hhtmFrom=vacancy;-
Data Scientist;https://hh.ru/vacancy/83793511;0;0;-;Правительство Москвы;https://hh.ru/employer/895945?hhtmFrom=vacancy;Москва
Cпециалист по работе с данными (Data Scientist);https://hh.ru/vacancy/79167028;0;0;-;ООО Открытый код;https://hh.ru/employer/665470?hhtmFrom=vacancy;-
Data Scientist;https://hh.ru/vacancy/83746192;0;0;-;АДВ;https://hh.ru/employer/1994?hhtmFrom=vacancy;Москва
Junior Data Scientist (Стажер);https://hh.ru/vacancy/83678533;0;0;-;Центр финансовых технологий;https://hh.ru/employer/8550?hhtmFrom=vacancy;Барнаул
Data Scientist/ Computer Vision expert;https://hh.ru/vacancy/83517175;0;0;-;Igor Polyakov Consulting;https://hh.ru/employer/1106400?hhtmFrom=vacancy;-
Junior Data Scientist (Стажер);https://hh.ru/vacancy/83678530;0;0;-;Центр финансовых технологий;https://hh.ru/employer/8550?hhtmFrom=vacancy;Томск
Junior Data scientist (Валидатор моделей банковской и торговой книг);https://hh.ru/vacancy/82643522;0;0;-;Сбер. Data Science;https://hh.ru/employer/3529?dpt=3529-3529-data&hhtmFrom=vacancy;-
Data Scientist;https://hh.ru/vacancy/83802983;0;0;-;Ингосстрах;https://hh.ru/employer/4309?hhtmFrom=vacancy;Москва
Data scientist;https://hh.ru/vacancy/83695664;0;0;-;OKKAM;https://hh.ru/employer/6528?hhtmFrom=vacancy;-
Разработчик скоринговых моделей/Data scientist;https://hh.ru/vacancy/83934264;0;0;-;ООО Кадровый центр Президент;https://hh.ru/employer/1069209?hhtmFrom=vacancy;Москва
Data Scientist;https://hh.ru/vacancy/83932486;0;0;-;USETECH;https://hh.ru/employer/681672?hhtmFrom=vacancy;Москва
Data Scientist;https://hh.ru/vacancy/83229724;0;0;-;МСП Банк;https://hh.ru/employer/25722?hhtmFrom=vacancy;-
Data Scientist;https://hh.ru/vacancy/83722639;0;0;-;ПАО МТС Банк. Головной офис;https://hh.ru/employer/4496?dpt=4496-4496-office&hhtmFrom=vacancy;-
Стажёр - Data scientist, Группа разработки Товарные рекомендации, Поиск, рекомендации, реклама;https://hh.ru/vacancy/83446624;0;0;-;Ozon Информационные технологии;https://hh.ru/employer/2180?dpt=ozonru-2180-dev&hhtmFrom=vacancy;-
Data Scientist;https://hh.ru/vacancy/83664383;до;150 000;₽;StudyWorld;https://hh.ru/employer/1013375?hhtmFrom=vacancy;-
Junior Data scientist;https://hh.ru/vacancy/83530434;0;0;-;Газпромбанк;https://hh.ru/employer/3388?dpt=3388-3388-gazprom&hhtmFrom=vacancy;Москва
Data Scientist;https://hh.ru/vacancy/81057983;0;0;-;Whoosh (ООО Вуш);https://hh.ru/employer/3536822?hhtmFrom=vacancy;Москва
Data Scientist middle+;https://hh.ru/vacancy/83773526;0;0;-;Adeptum Digital Production;https://hh.ru/employer/2902080?hhtmFrom=vacancy;-
Data Scientist;https://hh.ru/vacancy/82682774;0;0;-;Сбер. IT;https://hh.ru/employer/3529?dpt=3529-3529-it&hhtmFrom=vacancy;Москва
Senior Data Scientist;https://hh.ru/vacancy/82701142;0;0;-;Сбер. Data Science;https://hh.ru/employer/3529?dpt=3529-3529-data&hhtmFrom=vacancy;Москва
Data Scientist (Pricing);https://hh.ru/vacancy/82138061;0;0;-;Lamoda Tech;https://hh.ru/employer/9418714?hhtmFrom=vacancy;-
Data scientist (нестандартные ML-модели);https://hh.ru/vacancy/83808762;0;0;-;Банк Хоум Кредит;https://hh.ru/employer/1496?hhtmFrom=vacancy;Москва
Senior Data scientist (Computer Vision);https://hh.ru/vacancy/83580893;0;0;-;НЕЙРОВИЖН;https://hh.ru/employer/6104838?hhtmFrom=vacancy;Москва
Data Scientist;https://hh.ru/vacancy/82968462;0;0;-;Сбер для экспертов;https://hh.ru/employer/3529?dpt=3529-3529-prof&hhtmFrom=vacancy;Санкт-Петербург
Экономист-аналитик (junior/middle data scientist);https://hh.ru/vacancy/82624745;0;0;-;Аналитический центр при Правительстве Российской Федерации;https://hh.ru/employer/211052?hhtmFrom=vacancy;-
Junior/Middle Data Scientist;https://hh.ru/vacancy/82785357;0;0;-;Сбер для экспертов;https://hh.ru/employer/3529?dpt=3529-3529-prof&hhtmFrom=vacancy;Москва
Младший научный сотрудник (Junior Data Scientist);https://hh.ru/vacancy/78853190;0;0;-;ЦРТ | Группа компаний;https://hh.ru/employer/4585?hhtmFrom=vacancy;-
Аналитик данных (Data Scientist);https://hh.ru/vacancy/83679681;0;0;-;ООО Рывок.Диджитал;https://hh.ru/employer/2337178?hhtmFrom=vacancy;-
Data Scientist (ChatGPT и Copilot) MTS AI;https://hh.ru/vacancy/82205395;0;0;-;ПАО «МТС» ;https://hh.ru/employer/3776?dpt=mts-3776-main&hhtmFrom=vacancy;-
Data Scientist, Маркетплейс, Антибот;https://hh.ru/vacancy/82923962;0;0;-;Ozon Информационные технологии;https://hh.ru/employer/2180?dpt=ozonru-2180-dev&hhtmFrom=vacancy;-
Data Scientist / Python разработчик;https://hh.ru/vacancy/78771412;0;0;-;ЗАЗЕКС;https://hh.ru/employer/681319?hhtmFrom=vacancy;-
Data Scientist (NLP) Middle+;https://hh.ru/vacancy/82932304;0;0;-;Neuro.net;https://hh.ru/employer/3765831?hhtmFrom=vacancy;-
Data-Scientist;https://hh.ru/vacancy/83293320;0;0;-;Weborama Russia;https://hh.ru/employer/202134?hhtmFrom=vacancy;-
Data Scientist;https://hh.ru/vacancy/83617550;0;0;-;ПАО «Газпром нефть» ИТ;https://hh.ru/employer/39305?dpt=gpn-39305-it&hhtmFrom=vacancy;Санкт-Петербург
Data scientist (Middle);https://hh.ru/vacancy/83526402;0;0;-;ПАО МегаФон, Инженерные;https://hh.ru/employer/3127?dpt=mgfn-3127-engine&hhtmFrom=vacancy;-
Data Scientist;https://hh.ru/vacancy/83611254;от;300 000;до;Автостэлс;https://hh.ru/employer/88618?hhtmFrom=vacancy;Москва
Data Scientist, Маркетплейс, Контент и товары;https://hh.ru/vacancy/82931697;0;0;-;Ozon Информационные технологии;https://hh.ru/employer/2180?dpt=ozonru-2180-dev&hhtmFrom=vacancy;-
Data Scientist, Ozon Fintech;https://hh.ru/vacancy/82184176;0;0;-;Ozon Fintech;https://hh.ru/employer/2180?dpt=ozonru-2180-fintech&hhtmFrom=vacancy;Москва
Data Scientist;https://hh.ru/vacancy/82421287;0;0;-;TWINO;https://hh.ru/employer/1641561?hhtmFrom=vacancy;-
Data Scientist R&D;https://hh.ru/vacancy/81854583;0;0;-;Rubbles;https://hh.ru/employer/2223982?hhtmFrom=vacancy;-
Data scientist;https://hh.ru/vacancy/82435389;0;0;-;АО ЦИФРОВЫЕ ТЕХНОЛОГИИ ЗДОРОВЬЯ;https://hh.ru/employer/23326?hhtmFrom=vacancy;-
Data Scientist;https://hh.ru/vacancy/82162243;0;0;-;Finbridge;https://hh.ru/employer/833155?hhtmFrom=vacancy;Москва
Data Scientist (Junior);https://hh.ru/vacancy/83451191;0;0;-;Газпромбанк;https://hh.ru/employer/3388?dpt=3388-3388-gazprom&hhtmFrom=vacancy;Москва
Data Scientist (Рекомендательная система);https://hh.ru/vacancy/80317279;0;0;-;Сбер. IT;https://hh.ru/employer/3529?dpt=3529-3529-it&hhtmFrom=vacancy;Москва
Data scientist (Персональная скидка);https://hh.ru/vacancy/81297647;0;0;-;Компания «СПОРТМАСТЕР», Sportmaster Lab;https://hh.ru/employer/2343?dpt=2343-2343-it&hhtmFrom=vacancy;Москва
Data Scientist в Департамент моделирования корпоративных и финансовых рисков;https://hh.ru/vacancy/83700578;0;0;-;Газпромбанк;https://hh.ru/employer/3388?dpt=3388-3388-gazprom&hhtmFrom=vacancy;Москва
Data scientist;https://hh.ru/vacancy/83440171;0;0;-;Сбер. Data Science;https://hh.ru/employer/3529?dpt=3529-3529-data&hhtmFrom=vacancy;Южно-Сахалинск
Data Scientist Senior, Remote;https://hh.ru/vacancy/83642816;0;0;-;Новео;https://hh.ru/employer/56119?hhtmFrom=vacancy;Москва
Research Scientist;https://hh.ru/vacancy/83572774;0;0;-;Пану Ольга Германовна;https://hh.ru/employer/9811301?hhtmFrom=vacancy;-
Data Scientist (Прогнозирование);https://hh.ru/vacancy/81118017;0;0;-;Компания «СПОРТМАСТЕР», Sportmaster Lab;https://hh.ru/employer/2343?dpt=2343-2343-it&hhtmFrom=vacancy;Москва
Junior Data Scientist (сопровождение процесса разработки и использования моделей);https://hh.ru/vacancy/77907673;0;0;-;ПАО ВТБ, Подразделения Поддержки и Контроля;https://hh.ru/employer/4181?dpt=vtb-4181-pik&hhtmFrom=vacancy;Москва
Lead Data Scientist;https://hh.ru/vacancy/82992190;0;0;-;Сбер. IT;https://hh.ru/employer/3529?dpt=3529-3529-it&hhtmFrom=vacancy;Москва
Data Scientist (NLP, NER);https://hh.ru/vacancy/83153729;0;0;-;ФГБУ ЦСП ФМБА России;https://hh.ru/employer/2853703?hhtmFrom=vacancy;-
Data Scientist Управления модельных рисков и валидации;https://hh.ru/vacancy/83376381;0;0;-;ПАО ВТБ, Технологический блок;https://hh.ru/employer/4181?dpt=vtb-4181-teh&hhtmFrom=vacancy;Самара
Data Scientist NLP/Time Seriese;https://hh.ru/vacancy/83640671;0;0;-;Сбер для экспертов;https://hh.ru/employer/3529?dpt=3529-3529-prof&hhtmFrom=vacancy;Москва
Data Scientist / Data Analyst;https://hh.ru/vacancy/83367598;0;0;-;Сбер для экспертов;https://hh.ru/employer/3529?dpt=3529-3529-prof&hhtmFrom=vacancy;Москва
Lead Data Scientist в R&D-команду логистики Маркета;https://hh.ru/vacancy/83441997;от;400 000;до;Яндекс;https://hh.ru/employer/1740?hhtmFrom=vacancy;Москва
Data Scientist (Хаб юр.лиц);https://hh.ru/vacancy/82921710;0;0;-; Альфа-Банк;https://hh.ru/employer/80?dpt=80-80-bank&hhtmFrom=vacancy;-
Middle Data Scientist;https://hh.ru/vacancy/82977137;от;120 000;до;ООО Автомакон;https://hh.ru/employer/839098?hhtmFrom=vacancy;Москва
Data Scientist;https://hh.ru/vacancy/82918125;0;0;-;Cloud.ru;https://hh.ru/employer/3853446?hhtmFrom=vacancy;-
Study Safety Physician (Clinical Development Scientist);https://hh.ru/vacancy/83327831;0;0;-;АстраЗенека;https://hh.ru/employer/3400?hhtmFrom=vacancy;Москва
Data Scientist в Блок Риски;https://hh.ru/vacancy/82433862;0;0;-;Сбер для экспертов;https://hh.ru/employer/3529?dpt=3529-3529-prof&hhtmFrom=vacancy;Москва
Data Scientist;https://hh.ru/vacancy/79811721;0;0;-;ПАО Детский Мир;https://hh.ru/employer/4880?hhtmFrom=vacancy;-
Data Scientist;https://hh.ru/vacancy/82470787;0;0;-;Литрес;https://hh.ru/employer/745654?hhtmFrom=vacancy;-
Data Scientist;https://hh.ru/vacancy/69631571;0;0;-;Сбер. IT;https://hh.ru/employer/3529?dpt=3529-3529-it&hhtmFrom=vacancy;Нижний Новгород
Data Scientist/ML (команда System Team);https://hh.ru/vacancy/80805489;0;0;-;ВСК, САО;https://hh.ru/employer/1439?hhtmFrom=vacancy;Москва
Data scientist (Управление скоринга и Биг Дата);https://hh.ru/vacancy/82934170;0;0;-;Банк Хоум Кредит;https://hh.ru/employer/1496?hhtmFrom=vacancy;-
Data scientist (computer vision);https://hh.ru/vacancy/83216572;от;200 000;₽;АО Гознак. Информационные технологии;https://hh.ru/employer/99759?dpt=99759-99759-it&hhtmFrom=vacancy;Москва, Шаболовская
NLP Data Scientist;https://hh.ru/vacancy/79909326;0;0;-;Сбер. Data Science;https://hh.ru/employer/3529?dpt=3529-3529-data&hhtmFrom=vacancy;Москва
Data Scientist в R&D-команду SupportAI;https://hh.ru/vacancy/83084971;0;0;-;Яндекс;https://hh.ru/employer/1740?hhtmFrom=vacancy;Москва
Lead Data Scientist в R&D-команду логистики Маркета;https://hh.ru/vacancy/83442000;от;400 000;до;Яндекс;https://hh.ru/employer/1740?hhtmFrom=vacancy;Санкт-Петербург
Data Scientist Управления модельных рисков и валидации;https://hh.ru/vacancy/83360750;0;0;-;ПАО ВТБ, Технологический блок;https://hh.ru/employer/4181?dpt=vtb-4181-teh&hhtmFrom=vacancy;Москва
Data Scientist (Computer Vision);https://hh.ru/vacancy/82567080;0;0;-;ООО БиАйЭй-Технолоджиз;https://hh.ru/employer/2565797?hhtmFrom=vacancy;Москва
Data Scientist;https://hh.ru/vacancy/83272352;0;0;-;Pravo.Tech;https://hh.ru/employer/727029?hhtmFrom=vacancy;Москва
Математик-Программист / Applied Scientist;https://hh.ru/vacancy/83412446;0;0;-;ООО Пиклема;https://hh.ru/employer/4323102?hhtmFrom=vacancy;-
Data Scientist;https://hh.ru/vacancy/81868570;0;0;-;ПИК;https://hh.ru/employer/12550?dpt=12550-12550-pick&hhtmFrom=vacancy;Москва
Data Scientist / ML-инженер;https://hh.ru/vacancy/82826539;0;0;-;Медиалогия;https://hh.ru/employer/6382?hhtmFrom=vacancy;-
Team lead Data scientist;https://hh.ru/vacancy/82967916;0;0;-;Газпромбанк;https://hh.ru/employer/3388?dpt=3388-3388-gazprom&hhtmFrom=vacancy;-
Middle Data Scientist;https://hh.ru/vacancy/83181947;0;0;-;ЗАО Группа компаний С7;https://hh.ru/employer/766468?hhtmFrom=vacancy;-
Data Scientist;https://hh.ru/vacancy/82848765;0;0;-;Газпромбанк;https://hh.ru/employer/3388?dpt=3388-3388-gazprom&hhtmFrom=vacancy;Москва
Data scientist;https://hh.ru/vacancy/82787358;0;0;-;Robusta;https://hh.ru/employer/2063837?hhtmFrom=vacancy;Москва
Математик-программист /Data Scientist;https://hh.ru/vacancy/83282927;0;0;-;ООО Цифромед;https://hh.ru/employer/4333633?hhtmFrom=vacancy;Москва, Деловой центр, Международная, Тестовская
Data scientist (Ценообразование);https://hh.ru/vacancy/76974214;0;0;-;Компания «СПОРТМАСТЕР», Sportmaster Lab;https://hh.ru/employer/2343?dpt=2343-2343-it&hhtmFrom=vacancy;-
Data Scientist ( Аналитик данных );https://hh.ru/vacancy/83682556;0;0;-;ФосАгро;https://hh.ru/employer/2227671?hhtmFrom=vacancy;Санкт-Петербург
Senior/middle data scientist (возможен удаленный формат);https://hh.ru/vacancy/83782073;0;0;-;Hunt Expert;https://hh.ru/employer/7648?hhtmFrom=vacancy;Москва
Инженер-программист Data Scientist (Computer Vision);https://hh.ru/vacancy/81509039;от;120 000;до;Радиоавионика;https://hh.ru/employer/738089?hhtmFrom=vacancy;-
Data scientist (Оптимизация логистики);https://hh.ru/vacancy/83453439;0;0;-;Сбер для экспертов;https://hh.ru/employer/3529?dpt=3529-3529-prof&hhtmFrom=vacancy;Москва
Data Scientist ( Аналитик данных );https://hh.ru/vacancy/83682555;0;0;-;ФосАгро;https://hh.ru/employer/2227671?hhtmFrom=vacancy;Москва
Data Scientist;https://hh.ru/vacancy/76461371;0;0;-;ГАУ Города Москвы Центр цифровизации образования;https://hh.ru/employer/5601550?hhtmFrom=vacancy;-
Data Scientist;https://hh.ru/vacancy/82540806;0;0;-;Ниармедик Ваш Доктор Рядом;https://hh.ru/employer/5044608?hhtmFrom=vacancy;-
Data Scientist;https://hh.ru/vacancy/83352388;0;0;-;Университет Иннополис;https://hh.ru/employer/1160188?hhtmFrom=vacancy;-
Middle Data Scientist;https://hh.ru/vacancy/82761857;0;0;-;ООО Go Ahead;https://hh.ru/employer/2622045?hhtmFrom=vacancy;-
Data scientist NLP (middle);https://hh.ru/vacancy/83238281;0;0;-;ПАО Ростелеком;https://hh.ru/employer/2748?hhtmFrom=vacancy;Москва
Machine Learning Engineer / Data Scientist (Python, Middle);https://hh.ru/vacancy/83346890;0;0;-;ПАО «Газпром нефть» ;https://hh.ru/employer/39305?dpt=gpn-39305-HOLD&hhtmFrom=vacancy;Москва
Data Scientist (сопровождение процесса разработки и использования моделей);https://hh.ru/vacancy/70903553;0;0;-;ПАО ВТБ, Подразделения Поддержки и Контроля;https://hh.ru/employer/4181?dpt=vtb-4181-pik&hhtmFrom=vacancy;Москва
Data Scientist в команду CVM AI;https://hh.ru/vacancy/82435811;0;0;-;Райффайзен Банк;https://hh.ru/employer/4023?hhtmFrom=vacancy;Москва
Data scientist в Центр искусственного интеллекта Сбера;https://hh.ru/vacancy/83375369;0;0;-;Сбер для экспертов;https://hh.ru/employer/3529?dpt=3529-3529-prof&hhtmFrom=vacancy;Москва
Data Scientist в рекомендательные системы;https://hh.ru/vacancy/82747210;0;0;-;Сбер. IT;https://hh.ru/employer/3529?dpt=3529-3529-it&hhtmFrom=vacancy;Нижний Новгород
Data Scientist;https://hh.ru/vacancy/82993212;0;0;-;Carcade Leasing;https://hh.ru/employer/1433?hhtmFrom=vacancy;-
Data Scientist;https://hh.ru/vacancy/82412025;до;450 000;₽;getmatch;https://hh.ru/employer/864086?hhtmFrom=vacancy;Санкт-Петербург
Data Scientist (Лента онлайн);https://hh.ru/vacancy/81952814;0;0;-;Лента, федеральная розничная сеть, IT ;https://hh.ru/employer/7172?dpt=7172-7172-it&hhtmFrom=vacancy;-
Data Scientist Управления модельных рисков и валидации;https://hh.ru/vacancy/79715865;0;0;-;ПАО ВТБ, Технологический блок;https://hh.ru/employer/4181?dpt=vtb-4181-teh&hhtmFrom=vacancy;Новосибирск
Data scientist в центр искусственного интеллекта;https://hh.ru/vacancy/83001332;0;0;-;Сбер. Data Science;https://hh.ru/employer/3529?dpt=3529-3529-data&hhtmFrom=vacancy;Владивосток
Data Scientist;https://hh.ru/vacancy/83102957;0;0;-;ПАО «Газпром нефть» ИТ;https://hh.ru/employer/39305?dpt=gpn-39305-it&hhtmFrom=vacancy;Санкт-Петербург
Middle Data Scientist;https://hh.ru/vacancy/83419862;до;260 000;₽;Точка;https://hh.ru/employer/2324020?hhtmFrom=vacancy;Москва
Data scientist (RnD в Центр валидации моделей КИБ);https://hh.ru/vacancy/82994350;0;0;-;Сбер. Data Science;https://hh.ru/employer/3529?dpt=3529-3529-data&hhtmFrom=vacancy;-
Data Scientist (Sber Campaigning);https://hh.ru/vacancy/81263444;0;0;-;Сбер. IT;https://hh.ru/employer/3529?dpt=3529-3529-it&hhtmFrom=vacancy;-
ИТ-валидатор (Data scientist);https://hh.ru/vacancy/82917785;0;0;-;Сбер. Data Science;https://hh.ru/employer/3529?dpt=3529-3529-data&hhtmFrom=vacancy;-
Senior Data Scientist (Дивизион развития цифрового профиля клиента);https://hh.ru/vacancy/82988515;0;0;-;Сбер для экспертов;https://hh.ru/employer/3529?dpt=3529-3529-prof&hhtmFrom=vacancy;Москва
Data Scientist (Реклама и Медиа);https://hh.ru/vacancy/83455292;0;0;-;VK, Рекламные технологии;https://hh.ru/employer/15478?dpt=mailru-15478-rekteh&hhtmFrom=vacancy;Москва
Data Scientist;https://hh.ru/vacancy/79404780;0;0;-;Сбер. IT;https://hh.ru/employer/3529?dpt=3529-3529-it&hhtmFrom=vacancy;Москва
Data scientist (Антифрод);https://hh.ru/vacancy/81771371;0;0;-;Домклик;https://hh.ru/employer/2136954?hhtmFrom=vacancy;Москва
Middle/Senior Data Scientist (Эмбеддинги);https://hh.ru/vacancy/81524138;0;0;-;Иннотех, Группа компаний;https://hh.ru/employer/4649269?hhtmFrom=vacancy;Москва
Data Scientist (middle/senior);https://hh.ru/vacancy/70163749;0;0;-;Rubbles;https://hh.ru/employer/2223982?hhtmFrom=vacancy;Москва
Аналитик данных / Data scientist;https://hh.ru/vacancy/77725684;0;0;-;ООО СтандартПроект;https://hh.ru/employer/2942396?hhtmFrom=vacancy;-
Data Scientist (Северсталь Диджитал);https://hh.ru/vacancy/81841586;0;0;-;Северсталь. IT & Digital;https://hh.ru/employer/6041?dpt=severstal-6041-it&hhtmFrom=vacancy;Москва
Middle Data Scientist / Научный сотрудник в группу New Materials Design;https://hh.ru/vacancy/83047245;0;0;-;Институт искусственного интеллекта AIRI;https://hh.ru/employer/5445348?hhtmFrom=vacancy;Москва
Специалист по машинному обучению и анализу данных / Data Scientist (Middle);https://hh.ru/vacancy/78618131;0;0;-;ООО Марс;https://hh.ru/employer/205?hhtmFrom=vacancy;-
Data Scientist;https://hh.ru/vacancy/83435724;до;320 000;₽;Spice Agency;https://hh.ru/employer/654435?hhtmFrom=vacancy;Москва
Middle Data Scientist (Маркетплейс);https://hh.ru/vacancy/81522843;0;0;-;Самокат (ООО Умное пространство);https://hh.ru/employer/5488399?hhtmFrom=vacancy;-
Аналитик данных / Data Scientist Службы риск-менеджмента и кредитных рисков;https://hh.ru/vacancy/80248262;0;0;-;ООО Кубань Кредит, КБ;https://hh.ru/employer/200524?hhtmFrom=vacancy;-
Middle Data Scientist NLP (Маркетплейс);https://hh.ru/vacancy/82898956;0;0;-;Самокат (ООО Умное пространство);https://hh.ru/employer/5488399?hhtmFrom=vacancy;Москва
Data Scientist (модели Collection);https://hh.ru/vacancy/82417734;0;0;-;Газпромбанк;https://hh.ru/employer/3388?dpt=3388-3388-gazprom&hhtmFrom=vacancy;Москва
Team lead \ Senior Data Scientist (команда перспективных алгоритмов машинного обучения);https://hh.ru/vacancy/82468629;0;0;-;ПАО ВТБ, Технологический блок;https://hh.ru/employer/4181?dpt=vtb-4181-teh&hhtmFrom=vacancy;Москва
Data scientist;https://hh.ru/vacancy/82675818;0;0;-;ПАО «Газпром нефть» ;https://hh.ru/employer/39305?dpt=gpn-39305-HOLD&hhtmFrom=vacancy;Санкт-Петербург
Data Scientist;https://hh.ru/vacancy/81724946;0;0;-;Газпромбанк;https://hh.ru/employer/3388?dpt=3388-3388-gazprom&hhtmFrom=vacancy;Москва
Скоринг-аналитик / Data scientist / Аналитик (скоринг);https://hh.ru/vacancy/79402148;0;0;-;Займ-Экспресс;https://hh.ru/employer/802852?hhtmFrom=vacancy;-
Data Scientist (офис г. Таганрог);https://hh.ru/vacancy/78928573;0;0;-;Pudov;https://hh.ru/employer/38775?hhtmFrom=vacancy;-
Data Scientist R&G;https://hh.ru/vacancy/82683955;0;0;-;VK;https://hh.ru/employer/15478?dpt=mailru-15478-other&hhtmFrom=vacancy;Москва
Data scientist;https://hh.ru/vacancy/83594280;0;0;-;Сбер. IT;https://hh.ru/employer/3529?dpt=3529-3529-it&hhtmFrom=vacancy;-
Lead Data Scientist в R&D-команду логистики Маркета;https://hh.ru/vacancy/83441998;от;400 000;до;Яндекс;https://hh.ru/employer/1740?hhtmFrom=vacancy;Екатеринбург
Data scientist/ Эконометрист/ Price - аналитик;https://hh.ru/vacancy/79095440;0;0;-;ООО Петровакс Фарм;https://hh.ru/employer/5995?hhtmFrom=vacancy;Москва, Деловой центр, Деловой центр, Международная
Data Scientist (Почта);https://hh.ru/vacancy/82676378;0;0;-;VK, Почтовые сервисы;https://hh.ru/employer/15478?dpt=mailru-15478-empo&hhtmFrom=vacancy;-
Data scientist;https://hh.ru/vacancy/79950324;0;0;-;Сбер. IT;https://hh.ru/employer/3529?dpt=3529-3529-it&hhtmFrom=vacancy;Москва
Senior Data Scientist (модели кредитного риска);https://hh.ru/vacancy/82844304;0;0;-;Альфа-Банк. Digital & IT;https://hh.ru/employer/80?dpt=80-80-it&hhtmFrom=vacancy;-
Data scientist (СберБизнесБот);https://hh.ru/vacancy/83454163;0;0;-;Сбер для экспертов;https://hh.ru/employer/3529?dpt=3529-3529-prof&hhtmFrom=vacancy;Москва
Data Scientist (Блок риски);https://hh.ru/vacancy/83402949;0;0;-;Сбер для экспертов;https://hh.ru/employer/3529?dpt=3529-3529-prof&hhtmFrom=vacancy;Москва
Data Scientist NLP;https://hh.ru/vacancy/83351440;0;0;-;Сбер. IT;https://hh.ru/employer/3529?dpt=3529-3529-it&hhtmFrom=vacancy;Москва
Аналитик данных с навыками Python (data scientist);https://hh.ru/vacancy/81621934;от;80 000;₽;ООО Кондитерское производство Меренга;https://hh.ru/employer/1529534?hhtmFrom=vacancy;Кострома
Data Scientist/Аналитик данных;https://hh.ru/vacancy/81456987;от;120 000;до;ГК СиДиСи (CDC);https://hh.ru/employer/28608?hhtmFrom=vacancy;Москва
Data Scientist middle/senior;https://hh.ru/vacancy/82893426;0;0;-;X5 Tech;https://hh.ru/employer/9352463?hhtmFrom=vacancy;Москва
Data Scientist;https://hh.ru/vacancy/82936085;0;0;-;ЛУКОЙЛ;https://hh.ru/employer/907345?hhtmFrom=vacancy;-
Data Scientist (Единая контактная политика с клиентами банка);https://hh.ru/vacancy/83451553;0;0;-;Сбер для экспертов;https://hh.ru/employer/3529?dpt=3529-3529-prof&hhtmFrom=vacancy;Москва
Data Scientist в отдел валидации;https://hh.ru/vacancy/82674133;0;0;-;«РОСБАНК»;https://hh.ru/employer/599?dpt=rosbank-599-opyt&hhtmFrom=vacancy;Москва
Data Scientist;https://hh.ru/vacancy/83273614;0;0;-;ООО БиАйЭй-Технолоджиз;https://hh.ru/employer/2565797?hhtmFrom=vacancy;-
Разработчик в области машинного обучения и больших данных (Data Scientist);https://hh.ru/vacancy/82402348;0;0;-;Ульянова Надежда Михайловна;https://hh.ru/employer/9211406?hhtmFrom=vacancy;Москва
Data Engineer / Data Scientist (Клиентская аналитика);https://hh.ru/vacancy/82748315;0;0;-;Сбер. IT;https://hh.ru/employer/3529?dpt=3529-3529-it&hhtmFrom=vacancy;-
Senior/Lead Data Scientist;https://hh.ru/vacancy/83213672;0;0;-;Сбер для экспертов;https://hh.ru/employer/3529?dpt=3529-3529-prof&hhtmFrom=vacancy;Москва
Senior Data Scientist;https://hh.ru/vacancy/83076435;0;0;-;ПАО БАНК УРАЛСИБ;https://hh.ru/employer/89?hhtmFrom=vacancy;Москва
Senior Data Scientist (разработка Скоринговых моделей);https://hh.ru/vacancy/73751357;0;0;-;ПАО ВТБ, Технологический блок;https://hh.ru/employer/4181?dpt=vtb-4181-teh&hhtmFrom=vacancy;Москва
Senior Data Scientist;https://hh.ru/vacancy/79041835;0;0;-;ООО ТекФорс Инжиниринг;https://hh.ru/employer/934019?hhtmFrom=vacancy;-
Data Scientist;https://hh.ru/vacancy/83801080;0;0;-;Star-Staff;https://hh.ru/employer/5674235?hhtmFrom=vacancy;Москва
Data scientist (Управление рисками корпоративных клиентов);https://hh.ru/vacancy/82917803;0;0;-;Сбер. Data Science;https://hh.ru/employer/3529?dpt=3529-3529-data&hhtmFrom=vacancy;-
Senior NLP Data Scientist (команда SberCare.Боты);https://hh.ru/vacancy/83213511;0;0;-;Сбер для экспертов;https://hh.ru/employer/3529?dpt=3529-3529-prof&hhtmFrom=vacancy;Москва
Middle Data scientist (Промо Прогноз);https://hh.ru/vacancy/78128781;0;0;-;МАГНИТ, Розничная сеть;https://hh.ru/employer/49357?hhtmFrom=vacancy;Краснодар
Data Scientist (Геоаналитика);https://hh.ru/vacancy/83335062;0;0;-;Сбер для экспертов;https://hh.ru/employer/3529?dpt=3529-3529-prof&hhtmFrom=vacancy;Москва
Middle Data Scientist / Аналитик данных;https://hh.ru/vacancy/83353409;0;0;-;АО Технологии ОФС;https://hh.ru/employer/2501547?hhtmFrom=vacancy;Тюмень
Data Scientist (NLP);https://hh.ru/vacancy/83273463;0;0;-;ООО БиАйЭй-Технолоджиз;https://hh.ru/employer/2565797?hhtmFrom=vacancy;-
Data Scientist (NLP);https://hh.ru/vacancy/79927092;0;0;-;Сбер. IT;https://hh.ru/employer/3529?dpt=3529-3529-it&hhtmFrom=vacancy;Москва
"Data Scientist ""Прогнозирование спроса""";https://hh.ru/vacancy/83256682;0;0;-;Сбер для экспертов;https://hh.ru/employer/3529?dpt=3529-3529-prof&hhtmFrom=vacancy;Москва
Data Scientist;https://hh.ru/vacancy/81464653;0;0;-;Яндекс;https://hh.ru/employer/1740?hhtmFrom=vacancy;Москва
Аналитик данных / Data Scientist (middle+);https://hh.ru/vacancy/81311165;0;0;-;Сибур;https://hh.ru/employer/3809?dpt=sbr-3809-sibb&hhtmFrom=vacancy;-
Data Scientist (Middle\Senior);https://hh.ru/vacancy/82660178;0;0;-;Газпромбанк;https://hh.ru/employer/3388?dpt=3388-3388-gazprom&hhtmFrom=vacancy;Москва
Data Scientist (Middle);https://hh.ru/vacancy/78959208;0;0;-;Газпромбанк;https://hh.ru/employer/3388?dpt=3388-3388-gazprom&hhtmFrom=vacancy;Москва
Cпециалист по обработке и анализу данных для машинного обучения (Data Scientist);https://hh.ru/vacancy/83274299;от;120 000;₽;ООО Исток Аудио Трейдинг;https://hh.ru/employer/59106?hhtmFrom=vacancy;Королев
Data scientist (Валидатор моделей банковской и торговой книг);https://hh.ru/vacancy/82844350;0;0;-;Сбер. Data Science;https://hh.ru/employer/3529?dpt=3529-3529-data&hhtmFrom=vacancy;-
Lead Data Scientist (Operations);https://hh.ru/vacancy/81954360;0;0;-;СберМаркет;https://hh.ru/employer/1272486?hhtmFrom=vacancy;Москва
Data Scientist / ML-инженер (Big Data);https://hh.ru/vacancy/83941402;0;0;-;ПАО «МТС», Digital;https://hh.ru/employer/3776?dpt=mts-3776-it&hhtmFrom=vacancy;-
Data Scientist (NLP);https://hh.ru/vacancy/80088766;0;0;-;ООО БиАйЭй-Технолоджиз;https://hh.ru/employer/2565797?hhtmFrom=vacancy;-
Data scientist в центр искусственного интеллекта;https://hh.ru/vacancy/83001338;0;0;-;Сбер. Data Science;https://hh.ru/employer/3529?dpt=3529-3529-data&hhtmFrom=vacancy;Южно-Сахалинск
Data Scientist (Corporate Credit Risk);https://hh.ru/vacancy/83087392;0;0;-;Райффайзен Банк;https://hh.ru/employer/4023?hhtmFrom=vacancy;Москва
Data Scientist;https://hh.ru/vacancy/83709331;0;0;-;ООО Сбер Бизнес Софт;https://hh.ru/employer/9301808?hhtmFrom=vacancy;-
Data Scientist;https://hh.ru/vacancy/82841754;0;0;-;Inventive Retail Group, Офис;https://hh.ru/employer/112694?dpt=irg-112694-ofis&hhtmFrom=vacancy;-
Senior Data Scientist (Северсталь Диджитал);https://hh.ru/vacancy/81883278;0;0;-;Северсталь. IT & Digital;https://hh.ru/employer/6041?dpt=severstal-6041-it&hhtmFrom=vacancy;Москва
Senior Data Scientist в направление продвинутой аналитики домена Operations;https://hh.ru/vacancy/83138128;0;0;-;Райффайзен Банк;https://hh.ru/employer/4023?hhtmFrom=vacancy;Москва
Middle/Senior Data Scientist Pricing;https://hh.ru/vacancy/83362318;0;0;-;Леруа Мерлен. Центральный офис;https://hh.ru/employer/8582?dpt=8582-8582-lmofis&hhtmFrom=vacancy;-
Senior Data Scientist в центр фундаментальных исследований (AI Lab);https://hh.ru/vacancy/83385121;0;0;-;Сбер для экспертов;https://hh.ru/employer/3529?dpt=3529-3529-prof&hhtmFrom=vacancy;Москва
Data Scientist (Middle+/Senior);https://hh.ru/vacancy/76916740;0;0;-;Центр финансовых технологий;https://hh.ru/employer/8550?hhtmFrom=vacancy;Санкт-Петербург
Data Scientist (модели кредитного риска);https://hh.ru/vacancy/79466929;0;0;-;ПАО БАНК УРАЛСИБ;https://hh.ru/employer/89?hhtmFrom=vacancy;Москва
Middle Data Scientist Sber AI (NLP);https://hh.ru/vacancy/82913864;0;0;-;Сбер для экспертов;https://hh.ru/employer/3529?dpt=3529-3529-prof&hhtmFrom=vacancy;Москва
Lead Data Scientist в SberNBA;https://hh.ru/vacancy/83605463;0;0;-;Сбер для экспертов;https://hh.ru/employer/3529?dpt=3529-3529-prof&hhtmFrom=vacancy;Москва
Middle/Senior Data Scientist (скоринговые модели);https://hh.ru/vacancy/83724600;0;0;-;Отличные наличные;https://hh.ru/employer/1076236?hhtmFrom=vacancy;Москва
Team Lead Data Scientist (Прогнозирование спроса);https://hh.ru/vacancy/83454576;0;0;-;Сбер для экспертов;https://hh.ru/employer/3529?dpt=3529-3529-prof&hhtmFrom=vacancy;Москва
Data scientist;https://hh.ru/vacancy/82828224;0;0;-;ООО РСХБ-Интех;https://hh.ru/employer/3131901?hhtmFrom=vacancy;-
Data scientist (Гео и графы);https://hh.ru/vacancy/83098940;0;0;-;Сбер для экспертов;https://hh.ru/employer/3529?dpt=3529-3529-prof&hhtmFrom=vacancy;Москва
Middle Data Scientist (Проект Управление ценообразованием);https://hh.ru/vacancy/82834800;0;0;-;МАГНИТ, Розничная сеть;https://hh.ru/employer/49357?hhtmFrom=vacancy;Краснодар
Lead Data Scientist в R&D-команду логистики Маркета;https://hh.ru/vacancy/83441999;от;400 000;до;Яндекс;https://hh.ru/employer/1740?hhtmFrom=vacancy;Новосибирск
Middle Data Scientist (Дивизион развития цифрового профиля клиента);https://hh.ru/vacancy/82988759;0;0;-;Сбер для экспертов;https://hh.ru/employer/3529?dpt=3529-3529-prof&hhtmFrom=vacancy;Москва
Data Scientist (моделист в банк направление кредитные риски);https://hh.ru/vacancy/79305148;0;0;-;Diamond Personnel R&C;https://hh.ru/employer/37623?hhtmFrom=vacancy;Москва
Data scientist (кредитный скоринг);https://hh.ru/vacancy/83104723;0;0;-;билайн: ИТ, Data, Digital;https://hh.ru/employer/4934?dpt=bil-4934-it&hhtmFrom=vacancy;Москва
Data Scientist;https://hh.ru/vacancy/80232010;0;0;-;«РОСБАНК»;https://hh.ru/employer/599?dpt=rosbank-599-opyt&hhtmFrom=vacancy;Москва
Data Scientist;https://hh.ru/vacancy/79830140;0;0;-;IEK GROUP;https://hh.ru/employer/3852?hhtmFrom=vacancy;Москва, Бульвар Дмитрия Донского
Data Analyst/Data Scientist;https://hh.ru/vacancy/83284986;0;0;-;билайн: ИТ, Data, Digital;https://hh.ru/employer/4934?dpt=bil-4934-it&hhtmFrom=vacancy;Москва
Data Scientist (Middle);https://hh.ru/vacancy/81543934;0;0;-;ООО Строительный Двор;https://hh.ru/employer/665449?hhtmFrom=vacancy;-
Data Scientist (to Cyprus);https://hh.ru/vacancy/81610867;0;0;-;Space307;https://hh.ru/employer/2913350?hhtmFrom=vacancy;Санкт-Петербург
Data scientist, проекты по разработке симуляционных моделей, моделей оценки стресс-тестирования;https://hh.ru/vacancy/79906988;0;0;-;ПАО ВТБ, Технологический блок;https://hh.ru/employer/4181?dpt=vtb-4181-teh&hhtmFrom=vacancy;-
Cпециалист по обработке и анализу данных для машинного обучения (Data Scientist);https://hh.ru/vacancy/83274291;от;120 000;₽;ООО Исток Аудио Трейдинг;https://hh.ru/employer/59106?hhtmFrom=vacancy;Красноармейск (Московская область)
Team Lead Data Scientist;https://hh.ru/vacancy/82902908;0;0;-;Самокат (ООО Умное пространство);https://hh.ru/employer/5488399?hhtmFrom=vacancy;Москва
Team Lead Data Scientist;https://hh.ru/vacancy/83291550;0;0;-;Сбер для экспертов;https://hh.ru/employer/3529?dpt=3529-3529-prof&hhtmFrom=vacancy;Москва
Data Scientist;https://hh.ru/vacancy/79304758;0;0;-;INSITECH Development;https://hh.ru/employer/5289974?hhtmFrom=vacancy;Санкт-Петербург
Разработчик-исследователь / Data Scientist в Data Office;https://hh.ru/vacancy/82636333;0;0;-;VK, ВКонтакте;https://hh.ru/employer/15478?dpt=mailru-15478-vkontakt&hhtmFrom=vacancy;Москва
Data scientist / Аналитик риск-моделей;https://hh.ru/vacancy/82908474;от;120 000;до;ООО МФК ВЭББАНКИР;https://hh.ru/employer/1213725?hhtmFrom=vacancy;-
Data Scientist;https://hh.ru/vacancy/83047595;0;0;-;Сбер. IT;https://hh.ru/employer/3529?dpt=3529-3529-it&hhtmFrom=vacancy;Москва
Data Scientist;https://hh.ru/vacancy/82409009;0;0;-;АО Первая Грузовая Компания, IT/Digital;https://hh.ru/employer/219464?dpt=219464-219464-it&hhtmFrom=vacancy;-
Cпециалист по обработке и анализу данных для машинного обучения (Data Scientist);https://hh.ru/vacancy/83274300;от;120 000;₽;ООО Исток Аудио Трейдинг;https://hh.ru/employer/59106?hhtmFrom=vacancy;Мытищи
Senior Data Scientist (ML разработчик);https://hh.ru/vacancy/82936981;0;0;-;Группа НЛМК ИТ и Диджитал;https://hh.ru/employer/988387?dpt=988387-988387-digital&hhtmFrom=vacancy;Москва
Chief Data Scientist;https://hh.ru/vacancy/83298175;0;0;-;Самокат (ООО Умное пространство);https://hh.ru/employer/5488399?hhtmFrom=vacancy;-
Data Scientist (по сопровождению процесса разработки и использования моделей);https://hh.ru/vacancy/82141261;0;0;-;ПАО ВТБ, Подразделения Поддержки и Контроля;https://hh.ru/employer/4181?dpt=vtb-4181-pik&hhtmFrom=vacancy;Новосибирск
Midde Data Scientist (команда Персонализации коммуникаций от потребности клиента);https://hh.ru/vacancy/83238611;0;0;-;Сбер для экспертов;https://hh.ru/employer/3529?dpt=3529-3529-prof&hhtmFrom=vacancy;Москва
Lead Data Scientist NLP;https://hh.ru/vacancy/83155962;0;0;-;Сбер для экспертов;https://hh.ru/employer/3529?dpt=3529-3529-prof&hhtmFrom=vacancy;Москва
Data Scientist (digital marketing);https://hh.ru/vacancy/78851235;0;0;-;ООО AUXO (Атос АйТи Солюшенс энд Сервисез);https://hh.ru/employer/725989?hhtmFrom=vacancy;Москва
Senior Data Scientist;https://hh.ru/vacancy/82432479;0;0;-;Сбер для экспертов;https://hh.ru/employer/3529?dpt=3529-3529-prof&hhtmFrom=vacancy;Москва
Lead Data Scientist;https://hh.ru/vacancy/79258367;0;0;-;Сбер. IT;https://hh.ru/employer/3529?dpt=3529-3529-it&hhtmFrom=vacancy;-
Data Scientist (middle+);https://hh.ru/vacancy/82993734;0;0;-;WeMakeTeam;https://hh.ru/employer/4334427?hhtmFrom=vacancy;Москва
Data scientist;https://hh.ru/vacancy/82468156;0;0;-;Микрокредитная Компания Кредито24;https://hh.ru/employer/1745319?hhtmFrom=vacancy;-
Lead data scientist;https://hh.ru/vacancy/82632615;от;300 000;до;Дром;https://hh.ru/employer/1781300?hhtmFrom=vacancy;Новосибирск
Senior Data scientist (RnD в Центр валидации моделей КИБ);https://hh.ru/vacancy/83069369;0;0;-;Сбер. Data Science;https://hh.ru/employer/3529?dpt=3529-3529-data&hhtmFrom=vacancy;-
Data Scientist (Массовый высокодоходный сегмент);https://hh.ru/vacancy/83797250;0;0;-;Сбер для экспертов;https://hh.ru/employer/3529?dpt=3529-3529-prof&hhtmFrom=vacancy;Москва
Middle+/Senior Data Scientist в Блок Финансы;https://hh.ru/vacancy/83356757;0;0;-;Сбер для экспертов;https://hh.ru/employer/3529?dpt=3529-3529-prof&hhtmFrom=vacancy;Москва
Data Scientist (CoreML + RecSys);https://hh.ru/vacancy/82791945;0;0;-;Домклик;https://hh.ru/employer/2136954?hhtmFrom=vacancy;-
Data Scientist (Динамическое ценообразование);https://hh.ru/vacancy/83288285;0;0;-;Сбер для экспертов;https://hh.ru/employer/3529?dpt=3529-3529-prof&hhtmFrom=vacancy;Москва
Data Scientist;https://hh.ru/vacancy/83274323;0;0;-;Лига Цифровой Экономики;https://hh.ru/employer/2733062?hhtmFrom=vacancy;-
Senior Data Scientist;https://hh.ru/vacancy/83223312;0;0;-;Сбер для экспертов;https://hh.ru/employer/3529?dpt=3529-3529-prof&hhtmFrom=vacancy;Москва
Управляющий директор \ Data Scientist (Сопровождение процесса разработки и использования моделей);https://hh.ru/vacancy/78465611;0;0;-;ПАО ВТБ, Подразделения Поддержки и Контроля;https://hh.ru/employer/4181?dpt=vtb-4181-pik&hhtmFrom=vacancy;Москва
Senior Data Scientist;https://hh.ru/vacancy/83340825;0;0;-;АО ДОМ.РФ ИТ;https://hh.ru/employer/11680?dpt=11680-11680-it&hhtmFrom=vacancy;Москва
Research Scientist for Physical Layer Simulation Platforms;https://hh.ru/vacancy/78640679;0;0;-;YADRO;https://hh.ru/employer/1993194?hhtmFrom=vacancy;Нижний Новгород
Разработчик-исследователь / Data Scientist в Data Office;https://hh.ru/vacancy/82636334;0;0;-;VK, ВКонтакте;https://hh.ru/employer/15478?dpt=mailru-15478-vkontakt&hhtmFrom=vacancy;Санкт-Петербург
Senior Data Scientist (ChatGPT/Operations);https://hh.ru/vacancy/83165316;0;0;-;Ostrovok.ru;https://hh.ru/employer/697715?hhtmFrom=vacancy;-
Ведущий разработчик Data Scientist/ Team lead Data Scientist;https://hh.ru/vacancy/83280889;0;0;-;НОРБИТ;https://hh.ru/employer/733?dpt=733-733-norbit&hhtmFrom=vacancy;Санкт-Петербург
Senior Data Scientist в команду SME Chat;https://hh.ru/vacancy/81312951;0;0;-;Райффайзен Банк;https://hh.ru/employer/4023?hhtmFrom=vacancy;-
Эконометрист/Data scientist (Junior/Middle) в консалтинг;https://hh.ru/vacancy/82227099;от;40 000;₽;ООО БСТ Менеджмент-Консалтинг;https://hh.ru/employer/2724615?hhtmFrom=vacancy;-
Исследователь/Research Scientist (Computer Science);https://hh.ru/vacancy/76662887;0;0;-;Криптонит;https://hh.ru/employer/3491569?hhtmFrom=vacancy;-
Cпециалист по обработке и анализу данных для машинного обучения (Data Scientist);https://hh.ru/vacancy/83274296;от;120 000;₽;ООО Исток Аудио Трейдинг;https://hh.ru/employer/59106?hhtmFrom=vacancy;Щелково
Data Scientist (главный исследователь данных Управления развития клиентской базы);https://hh.ru/vacancy/82172175;0;0;-;ВСК, САО;https://hh.ru/employer/1439?hhtmFrom=vacancy;-
Data Scientist senior;https://hh.ru/vacancy/83358230;0;0;-;Сбер для экспертов;https://hh.ru/employer/3529?dpt=3529-3529-prof&hhtmFrom=vacancy;Москва
Cпециалист по обработке и анализу данных для машинного обучения (Data Scientist);https://hh.ru/vacancy/83274293;от;120 000;₽;ООО Исток Аудио Трейдинг;https://hh.ru/employer/59106?hhtmFrom=vacancy;Ногинск
Data Scientist (Senior);https://hh.ru/vacancy/82734450;0;0;-;Газпромбанк;https://hh.ru/employer/3388?dpt=3388-3388-gazprom&hhtmFrom=vacancy;Москва
Middle Data Scientist (СV) / Computer Vision Engineer;https://hh.ru/vacancy/82918783;0;0;-;MillionAgents;https://hh.ru/employer/863273?hhtmFrom=vacancy;Москва
Data Scientist c опытом разработки и обучения NLP/ NLU;https://hh.ru/vacancy/83380110;0;0;-;ООО ИЦ АЙ-ТЕКО;https://hh.ru/employer/872178?hhtmFrom=vacancy;Москва
Cпециалист по обработке и анализу данных для машинного обучения (Data Scientist);https://hh.ru/vacancy/83274297;от;120 000;₽;ООО Исток Аудио Трейдинг;https://hh.ru/employer/59106?hhtmFrom=vacancy;Электросталь
Senior data scientist;https://hh.ru/vacancy/83233301;0;0;-;Simple. Дирекция по информационным технологиям;https://hh.ru/employer/19623?dpt=19623-19623-it&hhtmFrom=vacancy;-
Data Scientist в SberData;https://hh.ru/vacancy/83448921;0;0;-;Сбер для экспертов;https://hh.ru/employer/3529?dpt=3529-3529-prof&hhtmFrom=vacancy;Москва
Cпециалист по обработке и анализу данных для машинного обучения (Data Scientist);https://hh.ru/vacancy/83274295;от;120 000;₽;ООО Исток Аудио Трейдинг;https://hh.ru/employer/59106?hhtmFrom=vacancy;Черноголовка
Middle Data Scientist / Аналитик данных;https://hh.ru/vacancy/83367484;0;0;-;АО Технологии ОФС;https://hh.ru/employer/2501547?hhtmFrom=vacancy;Новосибирск
Lead/Senior Data Scientist;https://hh.ru/vacancy/81350907;0;0;-;ООО Axenix (ранее Accenture);https://hh.ru/employer/4080?hhtmFrom=vacancy;-
Cпециалист по обработке и анализу данных для машинного обучения (Data Scientist);https://hh.ru/vacancy/83274289;от;120 000;₽;ООО Исток Аудио Трейдинг;https://hh.ru/employer/59106?hhtmFrom=vacancy;-
Data Scientist;https://hh.ru/vacancy/83541534;0;0;-;Сбер. IT;https://hh.ru/employer/3529?dpt=3529-3529-it&hhtmFrom=vacancy;Москва
Senior Data Scientist в Финуслуги;https://hh.ru/vacancy/83333556;0;0;-;ПАО Московская Биржа;https://hh.ru/employer/4307?hhtmFrom=vacancy;-
Cпециалист по обработке и анализу данных для машинного обучения (Data Scientist);https://hh.ru/vacancy/83274292;от;120 000;₽;ООО Исток Аудио Трейдинг;https://hh.ru/employer/59106?hhtmFrom=vacancy;-
Data Scientist (Computer Vision);https://hh.ru/vacancy/82567209;0;0;-;ООО БиАйЭй-Технолоджиз;https://hh.ru/employer/2565797?hhtmFrom=vacancy;-
Middle / Senior data scientist (NLP);https://hh.ru/vacancy/82628451;0;0;-;ПАО ВТБ, Технологический блок;https://hh.ru/employer/4181?dpt=vtb-4181-teh&hhtmFrom=vacancy;-
Senior Data Scientist;https://hh.ru/vacancy/82213529;0;0;-;Сбер. IT;https://hh.ru/employer/3529?dpt=3529-3529-it&hhtmFrom=vacancy;-
Дата-сайентист Middle+/Senior Data Scientist;https://hh.ru/vacancy/83340376;от;200 000;₽;ООО ГАОДИ РУС;https://hh.ru/employer/3282187?hhtmFrom=vacancy;-
Senior Data Scientist / Machine Learning Engineer (Audio);https://hh.ru/vacancy/81868724;0;0;-;ООО ЕСН;https://hh.ru/employer/5344539?hhtmFrom=vacancy;Москва
Quant / Data Scientist (Руководитель направления Управление рисками);https://hh.ru/vacancy/72740316;0;0;-;АО ДОМ.РФ;https://hh.ru/employer/11680?hhtmFrom=vacancy;Москва
Head Data Scientist;https://hh.ru/vacancy/82903246;от;350 000;₽;ООО Сеть Партнерств;https://hh.ru/employer/5290101?hhtmFrom=vacancy;Москва
Cпециалист по обработке и анализу данных для машинного обучения (Data Scientist);https://hh.ru/vacancy/83274294;от;120 000;₽;ООО Исток Аудио Трейдинг;https://hh.ru/employer/59106?hhtmFrom=vacancy;Фрязино
Senior Data Scientist / Математик;https://hh.ru/vacancy/77799312;0;0;-;Циан;https://hh.ru/employer/1429999?hhtmFrom=vacancy;Москва
Senior Data Scientist (CV-алгоритмы);https://hh.ru/vacancy/83286664;0;0;-;ООО ГПМ Партнер;https://hh.ru/employer/2155808?hhtmFrom=vacancy;-
Data Scientist;https://hh.ru/vacancy/83286591;0;0;-;ООО ГПМ Партнер;https://hh.ru/employer/2155808?hhtmFrom=vacancy;Москва
Senior Data Scientist (Логистика);https://hh.ru/vacancy/81517107;0;0;-;Самокат (ООО Умное пространство);https://hh.ru/employer/5488399?hhtmFrom=vacancy;Москва
Cпециалист по обработке и анализу данных для машинного обучения (Data Scientist);https://hh.ru/vacancy/83274298;от;120 000;₽;ООО Исток Аудио Трейдинг;https://hh.ru/employer/59106?hhtmFrom=vacancy;Ивантеевка
Data Scientist (Синтез речи);https://hh.ru/vacancy/76391976;0;0;-;ООО АБК;https://hh.ru/employer/1320790?hhtmFrom=vacancy;Москва
Data Scientist middle+/Senior;https://hh.ru/vacancy/82750408;от;250 000;до;ИП Мамаева Ирина Анатольевна;https://hh.ru/employer/6116362?hhtmFrom=vacancy;Москва
Middle+ Data Scientist;https://hh.ru/vacancy/83357855;0;0;-;Сбер для экспертов;https://hh.ru/employer/3529?dpt=3529-3529-prof&hhtmFrom=vacancy;Москва
Data Engineer/Data Scientist;https://hh.ru/vacancy/83550970;0;0;-;Сбер для экспертов;https://hh.ru/employer/3529?dpt=3529-3529-prof&hhtmFrom=vacancy;Москва
Senior Data Scientist [команда Поиска];https://hh.ru/vacancy/77471619;0;0;-;СберМаркет;https://hh.ru/employer/1272486?hhtmFrom=vacancy;Москва
Senior Data Scientist (NLP, PLP);https://hh.ru/vacancy/81314083;0;0;-;Сбер. IT;https://hh.ru/employer/3529?dpt=3529-3529-it&hhtmFrom=vacancy;-
Data scientist/Machine learning engineer в команду CoreML;https://hh.ru/vacancy/82305092;0;0;-;VK, ВКонтакте;https://hh.ru/employer/15478?dpt=mailru-15478-vkontakt&hhtmFrom=vacancy;Москва
Senior Data scientist (Управление рисками корпоративных клиентов);https://hh.ru/vacancy/82917833;0;0;-;Сбер. Data Science;https://hh.ru/employer/3529?dpt=3529-3529-data&hhtmFrom=vacancy;-
Senior Data Scientist;https://hh.ru/vacancy/80800495;0;0;-;ПАО «Газпром нефть» ИТ;https://hh.ru/employer/39305?dpt=gpn-39305-it&hhtmFrom=vacancy;Санкт-Петербург
Разработчик-исследователь NLP/ML/research Scientist NLP/ML (МТS AI);https://hh.ru/vacancy/82205337;0;0;-;ПАО «МТС» ;https://hh.ru/employer/3776?dpt=mts-3776-main&hhtmFrom=vacancy;-
Senior Data Scientist (R&D, задачи оптимизации);https://hh.ru/vacancy/80654779;0;0;-;Rubbles;https://hh.ru/employer/2223982?hhtmFrom=vacancy;Москва
Data Scientist;https://hh.ru/vacancy/83436498;0;0;-;Сбер. IT;https://hh.ru/employer/3529?dpt=3529-3529-it&hhtmFrom=vacancy;Москва
Senior Data Scientist;https://hh.ru/vacancy/83602608;0;0;-;Группа Самолет;https://hh.ru/employer/1102601?hhtmFrom=vacancy;Москва
Senior Data Scientist (RnD);https://hh.ru/vacancy/82562076;0;0;-;Ostrovok.ru;https://hh.ru/employer/697715?hhtmFrom=vacancy;-
Senior Data Scientist (NLP);https://hh.ru/vacancy/80282746;0;0;-;Сбер для экспертов;https://hh.ru/employer/3529?dpt=3529-3529-prof&hhtmFrom=vacancy;Москва
Senior Data Scientist (Ads Platform);https://hh.ru/vacancy/83563343;0;0;-;Lamoda Tech;https://hh.ru/employer/9418714?hhtmFrom=vacancy;Москва
Senior data scientist;https://hh.ru/vacancy/81399909;0;0;-;ПАО МегаФон, IT;https://hh.ru/employer/3127?dpt=mgfn-3127-it&hhtmFrom=vacancy;-
Senior Data Scientist;https://hh.ru/vacancy/82633532;0;0;-;ООО ДСЛАБ;https://hh.ru/employer/9380103?hhtmFrom=vacancy;-
Lead Data Scientist;https://hh.ru/vacancy/81856616;0;0;-;Rubbles;https://hh.ru/employer/2223982?hhtmFrom=vacancy;Москва
Senior Data Scientist/Machine Learning Engineer (СV/NLP/Audio);https://hh.ru/vacancy/81868771;0;0;-;ООО ЕСН;https://hh.ru/employer/5344539?hhtmFrom=vacancy;Москва
Senior Data Scientist (проект Customer Value Managnent);https://hh.ru/vacancy/83670409;0;0;-;МАГНИТ, Розничная сеть;https://hh.ru/employer/49357?hhtmFrom=vacancy;Москва
Lead data scientist;https://hh.ru/vacancy/82632673;от;300 000;до;Дром;https://hh.ru/employer/1781300?hhtmFrom=vacancy;Владивосток
Ведущий Data Scientist, Ранжирование поиска;https://hh.ru/vacancy/67411146;0;0;-;Ozon Информационные технологии;https://hh.ru/employer/2180?dpt=ozonru-2180-dev&hhtmFrom=vacancy;-
Data Scientist / ML Engineer (Middle+);https://hh.ru/vacancy/81489621;от;180 000;до;DIGINETICA;https://hh.ru/employer/1723062?hhtmFrom=vacancy;Санкт-Петербург
Data Scientist (Deep Learning for Demand Forecast);https://hh.ru/vacancy/83273619;0;0;-;ООО БиАйЭй-Технолоджиз;https://hh.ru/employer/2565797?hhtmFrom=vacancy;-
Data Scientist / ML Engineer (Middle+);https://hh.ru/vacancy/81489620;от;180 000;до;DIGINETICA;https://hh.ru/employer/1723062?hhtmFrom=vacancy;Москва
Data Scientist (автор курса);https://hh.ru/vacancy/83761742;0;0;-;GeekBrains;https://hh.ru/employer/1111672?hhtmFrom=vacancy;Москва
Data Scientist;https://hh.ru/vacancy/79720387;0;0;-;«РОСБАНК»;https://hh.ru/employer/599?dpt=rosbank-599-opyt&hhtmFrom=vacancy;Москва
Cпециалист по обработке и анализу данных для машинного обучения (Data Scientist);https://hh.ru/vacancy/83274290;от;120 000;₽;ООО Исток Аудио Трейдинг;https://hh.ru/employer/59106?hhtmFrom=vacancy;-
Senior Data Scientist (Промо Прогноз);https://hh.ru/vacancy/78125945;0;0;-;МАГНИТ, Розничная сеть;https://hh.ru/employer/49357?hhtmFrom=vacancy;Краснодар
Старший Data Scientist, Эффективность рекламы;https://hh.ru/vacancy/82307386;0;0;-;Ozon Информационные технологии;https://hh.ru/employer/2180?dpt=ozonru-2180-dev&hhtmFrom=vacancy;-
Senior Data Scientist/ML Engineer (команда SmartSearch);https://hh.ru/vacancy/67924416;0;0;-;Сбер. IT;https://hh.ru/employer/3529?dpt=3529-3529-it&hhtmFrom=vacancy;Москва
Старший Data Scientist, Маркетплейс, Сервисы обработки текстов;https://hh.ru/vacancy/82550578;0;0;-;Ozon Информационные технологии;https://hh.ru/employer/2180?dpt=ozonru-2180-dev&hhtmFrom=vacancy;-
Data Scientist / ML Engineer (Middle+);https://hh.ru/vacancy/81489623;от;180 000;до;DIGINETICA;https://hh.ru/employer/1723062?hhtmFrom=vacancy;Екатеринбург
Data scientist;https://hh.ru/vacancy/83209990;0;0;-;билайн: ИТ, Data, Digital;https://hh.ru/employer/4934?dpt=bil-4934-it&hhtmFrom=vacancy;Москва
Senior Data Scientist (Rec. system);https://hh.ru/vacancy/83646220;0;0;-;Okko;https://hh.ru/employer/1375441?hhtmFrom=vacancy;-
Senior data scientist (разработка моделей для казначейства и рыночных рисков);https://hh.ru/vacancy/72127423;0;0;-;ПАО ВТБ, Технологический блок;https://hh.ru/employer/4181?dpt=vtb-4181-teh&hhtmFrom=vacancy;-
Старший Data Scientist, Товарные рекомендации;https://hh.ru/vacancy/82246340;0;0;-;Ozon Информационные технологии;https://hh.ru/employer/2180?dpt=ozonru-2180-dev&hhtmFrom=vacancy;-
Ведущий Data Scientist (NLP), Базовое ранжирование;https://hh.ru/vacancy/80408226;0;0;-;Ozon Информационные технологии;https://hh.ru/employer/2180?dpt=ozonru-2180-dev&hhtmFrom=vacancy;-
Senior Data Scientist;https://hh.ru/vacancy/82791964;0;0;-;RoRe Group;https://hh.ru/employer/49700?hhtmFrom=vacancy;-
Senior Data Scientist (CV);https://hh.ru/vacancy/80818426;0;0;-;WILDBERRIES;https://hh.ru/employer/87021?hhtmFrom=vacancy;-
Lead Data Scientist;https://hh.ru/vacancy/81326729;0;0;-;INSITECH Development;https://hh.ru/employer/5289974?hhtmFrom=vacancy;Москва
Chief ML Scientist;https://hh.ru/vacancy/83160877;0;0;-;Flow Health, Inc;https://hh.ru/employer/2958547?hhtmFrom=vacancy;Москва
Senior Data Scientist;https://hh.ru/vacancy/76829230;0;0;-;Click;https://hh.ru/employer/2053040?hhtmFrom=vacancy;Санкт-Петербург
Data Scientist – Senior/Chief;https://hh.ru/vacancy/83358213;0;0;-;Сбер для экспертов;https://hh.ru/employer/3529?dpt=3529-3529-prof&hhtmFrom=vacancy;Москва
Data Scientist;https://hh.ru/vacancy/79304757;0;0;-;INSITECH Development;https://hh.ru/employer/5289974?hhtmFrom=vacancy;Москва
Lead data scientist;https://hh.ru/vacancy/82632638;от;300 000;до;Дром;https://hh.ru/employer/1781300?hhtmFrom=vacancy;Томск
Senior Data Scientist (NLP);https://hh.ru/vacancy/80950237;0;0;-;АО Крибрум;https://hh.ru/employer/2746712?hhtmFrom=vacancy;-
Senior Data Scientist;https://hh.ru/vacancy/80493882;0;0;-;ООО Страховая компания Сбербанк страхование;https://hh.ru/employer/1809605?hhtmFrom=vacancy;-
Middle Data Scientist;https://hh.ru/vacancy/83354591;0;0;-;Сбер для экспертов;https://hh.ru/employer/3529?dpt=3529-3529-prof&hhtmFrom=vacancy;Москва
Data Scientist (Middle\Middle+);https://hh.ru/vacancy/83073814;0;0;-;билайн: ИТ, Data, Digital;https://hh.ru/employer/4934?dpt=bil-4934-it&hhtmFrom=vacancy;Москва
Ведущий Data Scientist (Deep Learning), Рекомендации и персонализация;https://hh.ru/vacancy/81300397;0;0;-;Ozon Информационные технологии;https://hh.ru/employer/2180?dpt=ozonru-2180-dev&hhtmFrom=vacancy;-
Аналитик/Data Scientist;https://hh.ru/vacancy/79002008;0;0;-;Государственная корпорация Агентство по страхованию вкладов;https://hh.ru/employer/36277?hhtmFrom=vacancy;-
Senior Data Scientist (Rec. system);https://hh.ru/vacancy/83646227;0;0;-;Okko;https://hh.ru/employer/1375441?hhtmFrom=vacancy;-
Data Scientist (C++);https://hh.ru/vacancy/83282596;0;0;-;Merk Team;https://hh.ru/employer/46769?hhtmFrom=vacancy;Санкт-Петербург
Портфельный риск-аналитик / Middle Data Scientist (модели кредитного риска);https://hh.ru/vacancy/82421077;0;0;-;ООО Элемент Лизинг;https://hh.ru/employer/14402?hhtmFrom=vacancy;-
Senior Bioinformatician Scientist and Team Lead;https://hh.ru/vacancy/83082763;0;0;-;Flow Health, Inc;https://hh.ru/employer/2958547?hhtmFrom=vacancy;Москва
Data Scientist / ML Engineer (Middle+);https://hh.ru/vacancy/81489622;от;180 000;до;DIGINETICA;https://hh.ru/employer/1723062?hhtmFrom=vacancy;Казань
Data Scientist;https://hh.ru/vacancy/82540302;0;0;-;билайн: ИТ, Data, Digital;https://hh.ru/employer/4934?dpt=bil-4934-it&hhtmFrom=vacancy;Москва
Lead Data Scientist;https://hh.ru/vacancy/81326730;0;0;-;INSITECH Development;https://hh.ru/employer/5289974?hhtmFrom=vacancy;Санкт-Петербург
Lead data scientist (Анализ цены и Trade in);https://hh.ru/vacancy/76954383;0;0;-;Домклик;https://hh.ru/employer/2136954?hhtmFrom=vacancy;Москва
Data Scientist (команда Поиска);https://hh.ru/vacancy/83116089;0;0;-;ООО HeadHunter::Analytics/Data Science;https://hh.ru/employer/1455?dpt=hh-1455-ds&hhtmFrom=vacancy;-
Data Scientist (Команда Addy);https://hh.ru/vacancy/82463500;0;0;-;ООО HeadHunter::Analytics/Data Science;https://hh.ru/employer/1455?dpt=hh-1455-ds&hhtmFrom=vacancy;-
